{
  "entry": {
    "preview": "./src/preview.tsx",
    "index": "./src/index.ts"
  },
  "vendor": false,
  "devServer": {
    "hot": false
  },
  "publicPath": "/",
  "externals": {
    "react": "var window.React",
    "react-dom": "var window.ReactDOM",
    "prop-types": "var window.PropTypes",
    "@alifd/next": "var window.Next",
    "@alilc/lowcode-engine": "var window.AliLowCodeEngine",
    "@alilc/lowcode-engine-ext": "var window.AliLowCodeEngineExt",
    "moment": "var window.moment",
    "lodash": "var window._"
  },
  "plugins": [
    [
      "build-plugin-react-app"
    ],
    [
      "build-plugin-moment-locales",
      {
        "locales": [
          "zh-cn"
        ]
      }
    ],
    "./build.plugin.js"
  ]
}
